Ship_Name,Mission_Name,Flight_number
ELSBETH3,CRS-5,19
ELSBETH3,DSCOVR,20
ELSBETH3,CRS-6,22
ELSBETH3,CRS-7,24
ELSBETH3,SES-9,27
ELSBETH3,CRS-8,28
ELSBETH3,JCSAT-2B,29
ELSBETH3,Thaicom 8,30
ELSBETH3,ABS-2A / Eutelsat 117W B,31
ELSBETH3,CRS-9,32
ELSBETH3,JCSAT-16,33
ELSBETH3,SES-10,38
ELSBETH3,BulgariaSat-1,42
ELSBETH3,Boeing X-37B OTV-5,47
GOQUEST,CRS-5,19
GOQUEST,DSCOVR,20
GOQUEST,CRS-6,22
GOQUEST,CRS-7,24
GOQUEST,SES-9,27
GOQUEST,CRS-8,28
GOQUEST,JCSAT-2B,29
GOQUEST,Thaicom 8,30
GOQUEST,ABS-2A / Eutelsat 117W B,31
GOQUEST,CRS-9,32
GOQUEST,JCSAT-16,33
GOQUEST,SES-10,38
GOQUEST,BulgariaSat-1,42
GOQUEST,Boeing X-37B OTV-5,47
GOQUEST,SES-11 / Echostar 105,49
GOQUEST,SES-16 / GovSat-1,54
GOQUEST,TESS,60
GOQUEST,Bangabandhu-1,61
GOQUEST,Telstar 19V,65
GOQUEST,Telstar 18V,68
GOQUEST,CRS-16,72
GOQUEST,ArabSat 6A,77
GOQUEST,CRS-17,78
GOQUEST,Starlink v0.9,79
GOQUEST,STP-2,81
GOQUEST,Starlink 2,87
GOQUEST,Starlink 3,89
GOQUEST,Starlink 4,90
GOSEARCHER,CRS-5,19
GOSEARCHER,DSCOVR,20
GOSEARCHER,CRS-6,22
GOSEARCHER,CRS-7,24
GOSEARCHER,SES-9,27
GOSEARCHER,CRS-8,28
GOSEARCHER,JCSAT-2B,29
GOSEARCHER,Thaicom 8,30
GOSEARCHER,ABS-2A / Eutelsat 117W B,31
GOSEARCHER,CRS-9,32
GOSEARCHER,JCSAT-16,33
GOSEARCHER,SES-10,38
GOSEARCHER,NROL-76,39
GOSEARCHER,BulgariaSat-1,42
GOSEARCHER,Falcon Heavy Test Flight,55
GOSEARCHER,ArabSat 6A,77
GOSEARCHER,Starlink v0.9,79
GOSEARCHER,Crew Dragon In Flight Abort Test,88
